,Namn,Symbol,Valuta,ISIN,Sektor,ICB-kod,
0,Alleima,ALLEI.ST,SEK,SE0017615644,Basic Materials,5510,
1,Billerud,BILL.ST,SEK,SE0000862997,Basic Materials,5510,
2,Boliden,BOL.ST,SEK,SE0020050417,Basic Materials,5510,
3,Holmen A,HOLM-A.ST,SEK,SE0011090000,Basic Materials,5510,
4,Holmen B,HOLM-B.ST,SEK,SE0011090018,Basic Materials,5510,
5,HEXPOL B,HPOL-B.ST,SEK,SE0007074281,Basic Materials,5510,
6,Lundin Gold,LUG.ST,SEK,CA5503711080,Basic Materials,5510,
7,Lundin Mining Corporation,LUMI.ST,SEK,CA5503721063,Basic Materials,5510,
8,SCA A,SCA-A.ST,SEK,SE0000171886,Basic Materials,5510,
9,SCA B,SCA-B.ST,SEK,SE0000112724,Basic Materials,5510,
10,SKF A,SKF-A.ST,SEK,SE0000108201,Basic Materials,5510,
11,SKF B,SKF-B.ST,SEK,SE0000108227,Basic Materials,5510,
12,SSAB A,SSAB-A.ST,SEK,SE0000171100,Basic Materials,5510,
13,SSAB B,SSAB-B.ST,SEK,SE0000120669,Basic Materials,5510,
14,Stora Enso A,STE-A.ST,SEK,FI0009007603,Basic Materials,5510,
15,Stora Enso R,STE-R.ST,SEK,FI0009007611,Basic Materials,5510,
16,Troax Group,TROAX.ST,SEK,SE0012729366,Basic Materials,5510,
17,Arctic Paper,ARP.ST,SEK,PLARTPR00012,Basic Materials,5510,
18,Beijer Alma B,BEIA-B.ST,SEK,SE0011090547,Basic Materials,5510,
19,Lucara Diamond Corp,LUC.ST,SEK,CA54928Q1081,Basic Materials,5510,
20,Nordisk Bergteknik B,NORB-B.ST,SEK,SE0015812128,Basic Materials,5510,
21,Nordic Paper Holding,NPAPER.ST,SEK,SE0014808838,Basic Materials,5510,
22,Rottneros,RROS.ST,SEK,SE0000112252,Basic Materials,5510,
23,BE Group,BEGR.ST,SEK,SE0008321921,Basic Materials,5510,
24,Bergs Timber B,BRG-B.ST,SEK,SE0018012932,Basic Materials,5510,
25,Duroc B,DURC-B.ST,SEK,SE0000331266,Basic Materials,5510,
26,Profilgruppen B,PROF-B.ST,SEK,SE0000393860,Basic Materials,5510,
27,AAK,AAK.ST,SEK,SE0011337708,Consumer Goods,4510,
28,Axfood,AXFO.ST,SEK,SE0006993770,Consumer Goods,4520,
29,Essity A,ESSITY-A.ST,SEK,SE0009922156,Consumer Goods,4520,
30,Essity B,ESSITY-B.ST,SEK,SE0009922164,Consumer Goods,4520,
31,Cloetta B,CLA-B.ST,SEK,SE0002626861,Consumer Goods,4510,
32,Duni,DUNI.ST,SEK,SE0000616716,Consumer Goods,4520,
33,Scandi Standard,SCST.ST,SEK,SE0005999760,Consumer Goods,4510,
34,Midsona A,MSON-A.ST,SEK,SE0000565210,Consumer Goods,4520,
35,Midsona B,MSON-B.ST,SEK,SE0000565228,Consumer Goods,4520,
36,Autoliv SDB,ALIV-SDB.ST,SEK,SE0000382335,Consumer Services,4010,
37,Bilia A,BILI-A.ST,SEK,SE0009921588,Consumer Services,4040,
38,Boozt,BOOZT.ST,SEK,SE0009888738,Consumer Services,4040,
39,Dometic Group,DOM.ST,SEK,SE0007691613,Consumer Services,4020,
40,Electrolux A,ELUX-A.ST,SEK,SE0016589170,Consumer Services,4020,
41,Electrolux B,ELUX-B.ST,SEK,SE0016589188,Consumer Services,4020,
42,Embracer Group B,EMBRAC-B.ST,SEK,SE0016828511,Consumer Services,4020,
43,Evolution,EVO.ST,SEK,SE0012673267,Consumer Services,4050,
44,Fenix Outdoor International B,FOI-B.ST,SEK,CH0242214887,Consumer Services,4020,
45,Hennes & Mauritz B,HM-B.ST,SEK,SE0000106270,Consumer Services,4040,
46,Husqvarna A,HUSQ-A.ST,SEK,SE0001662222,Consumer Services,4020,
47,Husqvarna B,HUSQ-B.ST,SEK,SE0001662230,Consumer Services,4020,
48,Kindred Group,KIND-SDB.ST,SEK,SE0007871645,Consumer Services,4050,
49,Mips,MIPS.ST,SEK,SE0009216278,Consumer Services,4020,
50,Modern Times Group A,MTG-A.ST,SEK,SE0018012486,Consumer Services,4030,
51,Modern Times Group B,MTG-B.ST,SEK,SE0018012494,Consumer Services,4030,
52,New Wave B,NEWA-B.ST,SEK,SE0020356970,Consumer Services,4020,
53,Stillfront Group,SF.ST,SEK,SE0015346135,Consumer Services,4020,
54,Thule Group,THULE.ST,SEK,SE0006422390,Consumer Services,4020,
55,Volvo Car B,VOLCAR-B.ST,SEK,SE0016844831,Consumer Services,4010,
56,AcadeMedia,ACAD.ST,SEK,SE0007897079,Consumer Services,4020,
57,Besqab,BESQ.ST,SEK,SE0005991411,Consumer Services,4020,
58,Betsson B,BETS-B.ST,SEK,SE0020845014,Consumer Services,4050,
59,BHG Group,BHG.ST,SEK,SE0010948588,Consumer Services,4040,
60,Byggmax Group,BMAX.ST,SEK,SE0003303627,Consumer Services,4040,
61,Bonava A,BONAV-A.ST,SEK,SE0008091573,Consumer Services,4020,
62,Bonava B,BONAV-B.ST,SEK,SE0008091581,Consumer Services,4020,
63,Bulten,BULTEN.ST,SEK,SE0003849223,Consumer Services,4010,
64,Clas Ohlson B,CLAS-B.ST,SEK,SE0000584948,Consumer Services,4040,
65,Catena Media,CTM.ST,SEK,MT0001000109,Consumer Services,4030,
66,Dustin Group,DUST.ST,SEK,SE0006625471,Consumer Services,4040,
67,G5 Entertainment,G5EN.ST,SEK,SE0001824004,Consumer Services,4020,
68,Gaming Innovation Group,GIGSEK.ST,SEK,US36467X2062,Consumer Services,4050,
69,Gränges,GRNG.ST,SEK,SE0006288015,Consumer Services,4010,
70,KABE Group B,KABE-B.ST,SEK,SE0000107724,Consumer Services,4020,
71,Karnov Group,KAR.ST,SEK,SE0012323715,Consumer Services,4020,
72,MEKO,MEKO.ST,SEK,SE0002110064,Consumer Services,4010,
73,Nobia,NOBI.ST,SEK,SE0000949331,Consumer Services,4020,
74,Rusta,RUSTA.ST,SEK,SE0020848356,Consumer Services,4040,
75,RVRC Holding,RVRC.ST,SEK,SE0015962485,Consumer Services,4040,
76,SAS,SAS.ST,SEK,SE0003366871,Consumer Services,4050,
77,Scandic Hotels Group,SHOT.ST,SEK,SE0007640156,Consumer Services,4050,
78,SkiStar B,SKIS-B.ST,SEK,SE0012141687,Consumer Services,4050,
79,Synsam,SYNSAM.ST,SEK,SE0016829709,Consumer Services,4020,
80,VBG GROUP B,VBG-B.ST,SEK,SE0000115107,Consumer Services,4010,
81,Vestum,VESTUM.ST,SEK,SE0017134125,Consumer Services,4040,
82,Actic Group,ATIC.ST,SEK,SE0009269467,Consumer Services,4050,
83,Björn Borg,BORG.ST,SEK,SE0020050805,Consumer Services,4020,
84,Elon,ELON.ST,SEK,SE0001572520,Consumer Services,4040,
85,Eniro Group,ENRO.ST,SEK,SE0011256312,Consumer Services,4030,
86,Lammhults Design Group B,LAMM-B.ST,SEK,SE0000386138,Consumer Services,4020,
87,Moment Group,MOMENT.ST,SEK,SE0020388932,Consumer Services,4050,
88,Nelly Group,NELLY.ST,SEK,SE0015245535,Consumer Services,4040,
89,Nilörngruppen B,NIL-B.ST,SEK,SE0007100342,Consumer Services,4020,
90,Pierce Group,PIERCE.ST,SEK,SE0015658364,Consumer Services,4040,
91,Rizzo Group B,RIZZO-B.ST,SEK,SE0016276109,Consumer Services,4040,
92,Starbreeze A,STAR-A.ST,SEK,SE0007158928,Consumer Services,4020,
93,Starbreeze B,STAR-B.ST,SEK,SE0005992831,Consumer Services,4020,
94,Strax,STRAX.ST,SEK,SE0012040459,Consumer Services,4020,
95,International Petroleum Corp.,IPCO.ST,SEK,CA46016U1084,Energy,6010,
96,Orrön Energy,ORRON.ST,SEK,SE0000825820,Energy,6010,
97,OX2,OX2.ST,SEK,SE0016075337,Energy,6010,
98,Africa Oil,AOI.ST,SEK,CA00829Q1019,Energy,6010,
99,CTEK,CTEK.ST,SEK,SE0016798763,Energy,6010,
100,EnQuest PLC,ENQ.ST,SEK,GB00B635TG28,Energy,6010,
101,Eolus Vind B,EOLU-B.ST,SEK,SE0007075056,Energy,6010,
102,Tethys Oil,TETY.ST,SEK,SE0020180917,Energy,6010,
103,Maha Energy,MAHA-A.ST,SEK,SE0008374383,Energy,6010,
104,Arion Banki SDB,ARION-SDB.ST,SEK,SE0010413567,Financials,3010,
105,Avanza Bank Holding,AZA.ST,SEK,SE0012454072,Financials,3010,
106,Bure Equity,BURE.ST,SEK,SE0000195810,Financials,3020,
107,Creades A,CRED-A.ST,SEK,SE0015661236,Financials,3020,
108,EQT,EQT.ST,SEK,SE0012853455,Financials,3020,
109,Industrivärden A,INDU-A.ST,SEK,SE0000190126,Financials,3020,
110,Industrivärden C,INDU-C.ST,SEK,SE0000107203,Financials,3020,
111,Intrum,INTRUM.ST,SEK,SE0000936478,Financials,3020,
112,Investor A,INVE-A.ST,SEK,SE0015811955,Financials,3020,
113,Investor B,INVE-B.ST,SEK,SE0015811963,Financials,3020,
114,Kinnevik A,KINV-A.ST,SEK,SE0015810239,Financials,3020,
115,Kinnevik B,KINV-B.ST,SEK,SE0015810247,Financials,3020,
116,Latour B,LATO-B.ST,SEK,SE0010100958,Financials,3020,
117,Lundbergföretagen B,LUND-B.ST,SEK,SE0000108847,Financials,3020,
118,Nordea Bank Abp,NDA-SE.ST,SEK,FI4000297767,Financials,3010,
119,Ratos A,RATO-A.ST,SEK,SE0000191090,Financials,3020,
120,Ratos B,RATO-B.ST,SEK,SE0000111940,Financials,3020,
121,Sampo Oyj SDB,SAMPO-SDB.ST,SEK,SE0018768707,Financials,3030,
122,Nordnet,SAVE.ST,SEK,SE0015192067,Financials,3020,
123,SEB A,SEB-A.ST,SEK,SE0000148884,Financials,3010,
124,SEB C,SEB-C.ST,SEK,SE0000120784,Financials,3010,
125,Sv. Handelsbanken A,SHB-A.ST,SEK,SE0007100599,Financials,3010,
126,Sv. Handelsbanken B,SHB-B.ST,SEK,SE0007100607,Financials,3010,
127,Storskogen Group B,STOR-B.ST,SEK,SE0016797732,Financials,3020,
128,Swedbank A,SWED-A.ST,SEK,SE0000242455,Financials,3010,
129,Catella A,CAT-A.ST,SEK,SE0000188500,Financials,3020,
130,Catella B,CAT-B.ST,SEK,SE0000188518,Financials,3020,
131,Hoist Finance,HOFI.ST,SEK,SE0006887063,Financials,3020,
132,Linc,LINC.ST,SEK,SE0015949433,Financials,3020,
133,Mangold,MANG.ST,SEK,SE0001449380,Financials,3020,
134,Norion Bank,NORION.ST,SEK,SE0017831795,Financials,3010,
135,Öresund,ORES.ST,SEK,SE0008321608,Financials,3020,
136,Resurs Holding,RESURS.ST,SEK,SE0007665823,Financials,3020,
137,Svolder A,SVOL-A.ST,SEK,SE0017161441,Financials,3020,
138,Svolder B,SVOL-B.ST,SEK,SE0017161458,Financials,3020,
139,TF Bank,TFBANK.ST,SEK,SE0007331608,Financials,3010,
140,Traction B,TRAC-B.ST,SEK,SE0000391716,Financials,3020,
141,VEF,VEFAB.ST,SEK,SE0016128151,Financials,3020,
142,VNV Global,VNV.ST,SEK,SE0014428835,Financials,3020,
143,CoinShares International,CS.ST,SEK,JE00BLD8Y945,Financials,3020,
144,Havsfrun Investment B,HAV-B.ST,SEK,SE0000312043,Financials,3020,
145,NAXS,NAXS.ST,SEK,SE0001965369,Financials,3020,
146,Qliro,QLIRO.ST,SEK,SE0013719077,Financials,3020,
147,Seafire,SEAF.ST,SEK,SE0009779796,Financials,3020,
148,Solid Försäkringsaktiebolag,SFAB.ST,SEK,SE0017082548,Financials,3030,
149,Stockwik Förvaltning,STWK.ST,SEK,SE0012257970,Financials,3020,
150,Tebede A,TEBEDE-A.ST,SEK,SE0016075246,Financials,3020,
151,AddLife B,ALIF-B.ST,SEK,SE0014401378,Health Care,2010,
152,Arjo B,ARJO-B.ST,SEK,SE0010468116,Health Care,2010,
153,AstraZeneca,AZN.ST,SEK,GB0009895292,Health Care,2010,
154,BioArctic B,BIOA-B.ST,SEK,SE0010323311,Health Care,2010,
155,Biotage,BIOT.ST,SEK,SE0000454746,Health Care,2010,
156,Elekta B,EKTA-B.ST,SEK,SE0000163628,Health Care,2010,
157,Getinge B,GETI-B.ST,SEK,SE0000202624,Health Care,2010,
158,Medicover B,MCOV-B.ST,SEK,SE0009778848,Health Care,2010,
159,SECTRA B,SECT-B.ST,SEK,SE0020539310,Health Care,2010,
160,Swedish Orphan Biovitrum,SOBI.ST,SEK,SE0000872095,Health Care,2010,
161,Vitrolife,VITR.ST,SEK,SE0011205202,Health Care,2010,
162,Ambea,AMBEA.ST,SEK,SE0009663826,Health Care,2010,
163,Attendo,ATT.ST,SEK,SE0007666110,Health Care,2010,
164,Bactiguard Holding B,BACTI-B.ST,SEK,SE0005878741,Health Care,2010,
165,BICO Group,BICO.ST,SEK,SE0013647385,Health Care,2010,
166,BioInvent International,BINV.ST,SEK,SE0015244520,Health Care,2010,
167,BioGaia B,BIOG-B.ST,SEK,SE0017769995,Health Care,2010,
168,BONESUPPORT HOLDING,BONEX.ST,SEK,SE0009858152,Health Care,2010,
169,Calliditas Therapeutics,CALTX.ST,SEK,SE0010441584,Health Care,2010,
170,Camurus,CAMX.ST,SEK,SE0007692850,Health Care,2010,
171,CellaVision,CEVI.ST,SEK,SE0000683484,Health Care,2010,
172,Elos Medtech B,ELOS-B.ST,SEK,SE0000120776,Health Care,2010,
173,Hansa Biopharma,HNSA.ST,SEK,SE0002148817,Health Care,2010,
174,Humana,HUM.ST,SEK,SE0008040653,Health Care,2010,
175,IRLAB Therapeutics A,IRLAB-A.ST,SEK,SE0012675361,Health Care,2010,
176,MedCap,MCAP.ST,SEK,SE0009160872,Health Care,2010,
177,Probi,PROB.ST,SEK,SE0001280355,Health Care,2010,
178,RaySearch Laboratories B,RAY-B.ST,SEK,SE0000135485,Health Care,2010,
179,Sedana Medical,SEDANA.ST,SEK,SE0015988373,Health Care,2010,
180,SynAct Pharma,SYNACT.ST,SEK,SE0008241491,Health Care,2010,
181,Xbrane Biopharma,XBRANE.ST,SEK,SE0007789409,Health Care,2010,
182,Xvivo Perfusion,XVIVO.ST,SEK,SE0004840718,Health Care,2010,
183,Abliva,ABLI.ST,SEK,SE0002575340,Health Care,2010,
184,Ascelia Pharma,ACE.ST,SEK,SE0010573113,Health Care,2010,
185,Active Biotech,ACTI.ST,SEK,SE0001137985,Health Care,2010,
186,Alligator Bioscience,ATORX.ST,SEK,SE0000767188,Health Care,2010,
187,Boule Diagnostics,BOUL.ST,SEK,SE0011231158,Health Care,2010,
188,Cantargia,CANTA.ST,SEK,SE0006371126,Health Care,2010,
189,C-RAD B,CRAD-B.ST,SEK,SE0002016352,Health Care,2010,
190,Dedicare B,DEDI.ST,SEK,SE0003909282,Health Care,2010,
191,Egetis Therapeutics,EGTX.ST,SEK,SE0003815604,Health Care,2010,
192,Episurf B,EPIS-B.ST,SEK,SE0003491562,Health Care,2010,
193,Infant Bacterial TherapeuticsB,IBT-B.ST,SEK,SE0008015259,Health Care,2010,
194,Immunovia,IMMNOV.ST,SEK,SE0006091997,Health Care,2010,
195,Mendus,IMMU.ST,SEK,SE0005003654,Health Care,2010,
196,IRRAS,IRRAS.ST,SEK,SE0008321202,Health Care,2010,
197,Isofol Medical,ISOFOL.ST,SEK,SE0009581051,Health Care,2010,
198,Karolinska Development B,KDEV.ST,SEK,SE0002190926,Health Care,2010,
199,Moberg Pharma,MOB.ST,SEK,SE0020353928,Health Care,2010,
200,Medivir,MVIR.ST,SEK,SE0020181014,Health Care,2010,
201,Nanologica,NICA.ST,SEK,SE0005454873,Health Care,2010,
202,Oncopeptides,ONCO.ST,SEK,SE0009414576,Health Care,2010,
203,Ortivus A,ORTI-A.ST,SEK,SE0000188930,Health Care,2010,
204,Ortivus B,ORTI-B.ST,SEK,SE0000123085,Health Care,2010,
205,Orexo,ORX.ST,SEK,SE0000736415,Health Care,2010,
206,Q-Linea,QLINEA.ST,SEK,SE0011527845,Health Care,2010,
207,Saniona,SANION.ST,SEK,SE0005794617,Health Care,2010,
208,Senzime,SEZI.ST,SEK,SE0002478776,Health Care,2010,
209,Vicore Pharma Holding,VICO.ST,SEK,SE0007577895,Health Care,2010,
210,Vivesto,VIVE.ST,SEK,SE0000722365,Health Care,2010,
211,Xspray Pharma,XSPRAY.ST,SEK,SE0009973563,Health Care,2010,
212,TRATON,8TRA.ST,SEK,DE000TRAT0N7,Industrials,5020,
213,ABB Ltd,ABB.ST,SEK,CH0012221716,Industrials,5020,
214,Addtech B,ADDT-B.ST,SEK,SE0014781795,Industrials,5020,
215,AFRY,AFRY.ST,SEK,SE0005999836,Industrials,5010,
216,Alfa Laval,ALFA.ST,SEK,SE0000695876,Industrials,5020,
217,ASSA ABLOY B,ASSA-B.ST,SEK,SE0007100581,Industrials,5010,
218,Atlas Copco A,ATCO-A.ST,SEK,SE0017486889,Industrials,5020,
219,Atlas Copco B,ATCO-B.ST,SEK,SE0017486897,Industrials,5020,
220,Beijer Ref B,BEIJ-B.ST,SEK,SE0015949748,Industrials,5020,
221,Bravida Holding,BRAV.ST,SEK,SE0007491303,Industrials,5010,
222,Bufab,BUFAB.ST,SEK,SE0005677135,Industrials,5020,
223,Epiroc A,EPI-A.ST,SEK,SE0015658109,Industrials,5020,
224,Epiroc B,EPI-B.ST,SEK,SE0015658117,Industrials,5020,
225,Electrolux Professional B,EPRO-B.ST,SEK,SE0013747870,Industrials,5020,
226,Indutrade,INDT.ST,SEK,SE0001515552,Industrials,5020,
227,Instalco,INSTAL.ST,SEK,SE0017483506,Industrials,5020,
228,Lindab International,LIAB.ST,SEK,SE0001852419,Industrials,5010,
229,Lifco B,LIFCO-B.ST,SEK,SE0015949201,Industrials,5020,
230,Loomis,LOOMIS.ST,SEK,SE0014504817,Industrials,5020,
231,Munters Group,MTRS.ST,SEK,SE0009806607,Industrials,5010,
232,NCC A,NCC-A.ST,SEK,SE0000118952,Industrials,5010,
233,NCC B,NCC-B.ST,SEK,SE0000117970,Industrials,5010,
234,NIBE Industrier B,NIBE-B.ST,SEK,SE0015988019,Industrials,5010,
235,Nolato B,NOLA-B.ST,SEK,SE0015962477,Industrials,5020,
236,Peab B,PEAB-B.ST,SEK,SE0000106205,Industrials,5010,
237,SAAB B,SAAB-B.ST,SEK,SE0000112385,Industrials,5020,
238,Sandvik,SAND.ST,SEK,SE0000667891,Industrials,5020,
239,Sdiptech B,SDIP-B.ST,SEK,SE0003756758,Industrials,5020,
240,Sdiptech Pref,SDIP-PREF.ST,SEK,SE0006758348,Industrials,5020,
241,Securitas B,SECU-B.ST,SEK,SE0000163594,Industrials,5020,
242,Skanska B,SKA-B.ST,SEK,SE0000113250,Industrials,5010,
243,SWECO A,SWEC-A.ST,SEK,SE0014960365,Industrials,5010,
244,SWECO B,SWEC-B.ST,SEK,SE0014960373,Industrials,5010,
245,Systemair,SYSR.ST,SEK,SE0016609499,Industrials,5010,
246,Trelleborg B,TREL-B.ST,SEK,SE0000114837,Industrials,5020,
247,Volati,VOLO.ST,SEK,SE0009143662,Industrials,5020,
248,Volati Pref,VOLO-PREF.ST,SEK,SE0009143670,Industrials,5020,
249,Volvo A,VOLV-A.ST,SEK,SE0000115420,Industrials,5020,
250,Volvo B,VOLV-B.ST,SEK,SE0000115446,Industrials,5020,
251,Alimak Group,ALIG.ST,SEK,SE0007158910,Industrials,5020,
252,Alligo B,ALLIGO-B.ST,SEK,SE0009922305,Industrials,5020,
253,AQ Group,AQ.ST,SEK,SE0000772956,Industrials,5020,
254,Balco Group,BALCO.ST,SEK,SE0010323998,Industrials,5010,
255,Bergman & Beving B,BERG-B.ST,SEK,SE0000101362,Industrials,5020,
256,BTS Group B,BTS-B.ST,SEK,SE0000805426,Industrials,5020,
257,Cavotec,CCC.ST,SEK,CH0136071542,Industrials,5020,
258,Concentric,COIC.ST,SEK,SE0003950864,Industrials,5020,
259,Coor Service Management Hold.,COOR.ST,SEK,SE0007158829,Industrials,5020,
260,CTT Systems,CTT.ST,SEK,SE0000418923,Industrials,5020,
261,Elanders B,ELAN-B.ST,SEK,SE0000119299,Industrials,5020,
262,Eltel,ELTEL.ST,SEK,SE0006509949,Industrials,5020,
263,engcon B,ENGCON-B.ST,SEK,SE0017769847,Industrials,5020,
264,Ependion,EPEN.ST,SEK,SE0000671711,Industrials,5020,
265,Ework Group,EWRK.ST,SEK,SE0002402701,Industrials,5020,
266,Fagerhult Group,FAG.ST,SEK,SE0010048884,Industrials,5010,
267,Fasadgruppen Group,FG.ST,SEK,SE0015195771,Industrials,5010,
268,FM Mattsson Mora Group B,FMM-B.ST,SEK,SE0018040883,Industrials,5010,
269,Green Landscaping Group,GREEN.ST,SEK,SE0010985028,Industrials,5010,
270,Inwido,INWI.ST,SEK,SE0006220018,Industrials,5010,
271,ITAB Shop Concept,ITAB.ST,SEK,SE0015962097,Industrials,5010,
272,INVISIO,IVSO.ST,SEK,SE0001200015,Industrials,5020,
273,Mildef Group,MILDEF.ST,SEK,SE0016074249,Industrials,5020,
274,Momentum Group B,MMGR-B.ST,SEK,SE0017562523,Industrials,5020,
275,Netel Holding,NETEL.ST,SEK,SE0016798417,Industrials,5010,
276,Nederman Holding,NMAN.ST,SEK,SE0011204510,Industrials,5010,
277,Norva24 Group,NORVA.ST,SEK,SE0017084759,Industrials,5020,
278,NOTE,NOTE.ST,SEK,SE0001161654,Industrials,5020,
279,Nordic Waterproofing Holding,NWG.ST,SEK,SE0014731089,Industrials,5010,
280,OEM International B,OEM-B.ST,SEK,SE0017766843,Industrials,5020,
281,Profoto Holding,PRFO.ST,SEK,SE0015962147,Industrials,5020,
282,Rejlers B,REJL-B.ST,SEK,SE0000123671,Industrials,5020,
283,Wästbygg Gruppen B,WBGR-B.ST,SEK,SE0014453874,Industrials,5010,
284,XANO Industri B,XANO-B.ST,SEK,SE0018014151,Industrials,5020,
285,Arla Plast,ARPL.ST,SEK,SE0015810817,Industrials,5020,
286,Bong,BONG.ST,SEK,SE0000396061,Industrials,5020,
287,Christian Berner Tech Trade B,CBTT-B.ST,SEK,SE0006143129,Industrials,5020,
288,Concordia Maritime B,CCOR-B.ST,SEK,SE0000102824,Industrials,5020,
289,Concejo B,CNCJO-B.ST,SEK,SE0000236382,Industrials,5020,
290,Ferronordic,FNM.ST,SEK,SE0005468717,Industrials,5020,
291,HANZA,HANZA.ST,SEK,SE0005878543,Industrials,5020,
292,Infrea,INFREA.ST,SEK,SE0010600106,Industrials,5020,
293,Image Systems,IS.ST,SEK,SE0006421871,Industrials,5020,
294,Malmbergs Elektriska B,MEAB-B.ST,SEK,SE0000507659,Industrials,5020,
295,Midway A,MIDW-A.ST,SEK,SE0000122657,Industrials,5020,
296,Midway B,MIDW-B.ST,SEK,SE0000122673,Industrials,5020,
297,NGS Group,NGS.ST,SEK,SE0009947708,Industrials,5020,
298,Projektengagemang Sweden B,PENG-B.ST,SEK,SE0011337666,Industrials,5010,
299,PION Group B,PION-B.ST,SEK,SE0000567539,Industrials,5020,
300,Railcare Group,RAIL.ST,SEK,SE0010441139,Industrials,5020,
301,SinterCast,SINT.ST,SEK,SE0000950982,Industrials,5020,
302,Svedbergs B,SVED-B.ST,SEK,SE0000407991,Industrials,5010,
303,Studsvik,SVIK.ST,SEK,SE0000653230,Industrials,5020,
304,Transtema Group,TRANS.ST,SEK,SE0006758587,Industrials,5020,
305,Wise Group,WISE.ST,SEK,SE0007277876,Industrials,5020,
306,Atrium Ljungberg B,ATRLJ-B.ST,SEK,SE0000191827,Real Estate,3510,
307,Fast. Balder B,BALD-B.ST,SEK,SE0017832488,Real Estate,3510,
308,Castellum,CAST.ST,SEK,SE0000379190,Real Estate,3510,
309,Catena,CATE.ST,SEK,SE0001664707,Real Estate,3510,
310,Corem Property Group A,CORE-A.ST,SEK,SE0010714279,Real Estate,3510,
311,Corem Property Group B,CORE-B.ST,SEK,SE0010714287,Real Estate,3510,
312,Corem Property Group D,CORE-D.ST,SEK,SE0015961594,Real Estate,3510,
313,Corem Property Group Pref,CORE-PREF.ST,SEK,SE0010714311,Real Estate,3510,
314,Diös Fastigheter,DIOS.ST,SEK,SE0001634262,Real Estate,3510,
315,Fabege,FABG.ST,SEK,SE0011166974,Real Estate,3510,
316,Fastpartner A,FPAR-A.ST,SEK,SE0013512506,Real Estate,3510,
317,Fastpartner D,FPAR-D.ST,SEK,SE0013512514,Real Estate,3510,
318,Hemnet Group,HEM.ST,SEK,SE0015671995,Real Estate,3510,
319,Hufvudstaden A,HUFV-A.ST,SEK,SE0000170375,Real Estate,3510,
320,JM,JM.ST,SEK,SE0000806994,Real Estate,3510,
321,NP3 Fastigheter,NP3.ST,SEK,SE0006342333,Real Estate,3510,
322,NP3 Fastigheter Pref,NP3-PREF.ST,SEK,SE0010820514,Real Estate,3510,
323,Nyfosa,NYF.ST,SEK,SE0011426428,Real Estate,3510,
324,Platzer Fastigheter Holding B,PLAZ-B.ST,SEK,SE0004977692,Real Estate,3510,
325,Pandox B,PNDX-B.ST,SEK,SE0007100359,Real Estate,3510,
326,Sagax A,SAGA-A.ST,SEK,SE0004635878,Real Estate,3510,
327,Sagax B,SAGA-B.ST,SEK,SE0005127818,Real Estate,3510,
328,Sagax D,SAGA-D.ST,SEK,SE0009161052,Real Estate,3510,
329,Samhällsbyggnadsbo. i Norden B,SBB-B.ST,SEK,SE0009554454,Real Estate,3510,
330,Samhällsbyggnadsbo. i Norden D,SBB-D.ST,SEK,SE0011844091,Real Estate,3510,
331,Wallenstam B,WALL-B.ST,SEK,SE0017780133,Real Estate,3510,
332,Wihlborgs Fastigheter,WIHL.ST,SEK,SE0018012635,Real Estate,3510,
333,Annehem Fastigheter B,ANNE-B.ST,SEK,SE0015221684,Real Estate,3510,
334,Brinova Fastigheter B,BRIN-B.ST,SEK,SE0008347652,Real Estate,3510,
335,Cibus Nordic Real Estate,CIBUS.ST,SEK,SE0010832204,Real Estate,3510,
336,Eastnine,EAST.ST,SEK,SE0002158568,Real Estate,3510,
337,Fastighetsbolaget Emilshus B,EMIL-B.ST,SEK,SE0016785786,Real Estate,3510,
338,Fastighetsbolag. Emilshus Pref,EMIL-PREF.ST,SEK,SE0016785794,Real Estate,3510,
339,Fastator,FASTAT.ST,SEK,SE0015407382,Real Estate,3510,
340,Genova Property Group,GPG.ST,SEK,SE0007184189,Real Estate,3510,
341,HEBA B,HEBA-B.ST,SEK,SE0017911480,Real Estate,3510,
342,John Mattson Fastighetsföret.,JOMA.ST,SEK,SE0012481364,Real Estate,3510,
343,K2A Knaust & Andersson B,K2A-B.ST,SEK,SE0010520254,Real Estate,3510,
344,K2A Knaust & Andersson Pref,K2A-PREF.ST,SEK,SE0006852075,Real Estate,3510,
345,K-Fast Holding B,KFAST-B.ST,SEK,SE0016101679,Real Estate,3510,
346,KlaraBo Sverige B,KLARA-B.ST,SEK,SE0010832287,Real Estate,3510,
347,Logistea A,LOGI-A.ST,SEK,SE0017131329,Real Estate,3510,
348,Logistea B,LOGI-B.ST,SEK,SE0017131337,Real Estate,3510,
349,Nivika Fastigheter B,NIVI-B.ST,SEK,SE0017083272,Real Estate,3510,
350,Swedish Logistic Property B,SLP-B.ST,SEK,SE0017565476,Real Estate,3510,
351,Stendörren Fastigheter B,STEF-B.ST,SEK,SE0006543344,Real Estate,3510,
352,Trianon B,TRIAN-B.ST,SEK,SE0018013658,Real Estate,3510,
353,Acrinova A,ACRI-A.ST,SEK,SE0015660014,Real Estate,3510,
354,Acrinova B,ACRI-B.ST,SEK,SE0015660030,Real Estate,3510,
355,Oscar Properties Holding,OP.ST,SEK,SE0016278303,Real Estate,3510,
356,Oscar Properties Holding PREF,OP-PREF.ST,SEK,SE0016278311,Real Estate,3510,
357,Oscar Properties Holding PREFB,OP-PREFB.ST,SEK,SE0016278329,Real Estate,3510,
358,Addnode Group B,ANOD-B.ST,SEK,SE0017885767,Technology,1010,
359,Byggfakta Group Nordic HoldCo,BFG.ST,SEK,SE0016798581,Technology,1010,
360,Cint Group,CINT.ST,SEK,SE0015483276,Technology,1010,
361,Fortnox,FNOX.ST,SEK,SE0017161243,Technology,1010,
362,Hexagon B,HEXA-B.ST,SEK,SE0015961909,Technology,1010,
363,Lagercrantz Group B,LAGR-B.ST,SEK,SE0014990966,Technology,1010,
364,Mycronic,MYCR.ST,SEK,SE0000375115,Technology,1010,
365,NCAB Group,NCAB.ST,SEK,SE0017160773,Technology,1010,
366,Sinch,SINCH.ST,SEK,SE0016101844,Technology,1010,
367,TietoEVRY Oyj,TIETOS.ST,SEK,FI0009000277,Technology,1010,
368,Truecaller B,TRUE-B.ST,SEK,SE0016787071,Technology,1010,
369,Vitec Software Group B,VIT-B.ST,SEK,SE0007871363,Technology,1010,
370,Better Collective,BETCO.ST,SEK,DK0060952240,Technology,1010,
371,Enea,ENEA.ST,SEK,SE0009697220,Technology,1010,
372,Fingerprint Cards B,FING-B.ST,SEK,SE0008374250,Technology,1010,
373,Garo,GARO.ST,SEK,SE0015812417,Technology,1010,
374,I.A.R Systems Group,IAR-B.ST,SEK,SE0005851706,Technology,1010,
375,Knowit,KNOW.ST,SEK,SE0000421273,Technology,1010,
376,Lime Technologies,LIME.ST,SEK,SE0011870195,Technology,1010,
377,Proact IT Group,PACT.ST,SEK,SE0015961222,Technology,1010,
378,Pricer B,PRIC-B.ST,SEK,SE0000233934,Technology,1010,
379,Sivers Semiconductors,SIVE.ST,SEK,SE0003917798,Technology,1010,
380,Tobii Dynavox,TDVOX.ST,SEK,SE0017105620,Technology,1010,
381,Tobii,TOBII.ST,SEK,SE0002591420,Technology,1010,
382,Anoto Group,ANOT.ST,SEK,SE0010415281,Technology,1010,
383,B3 Consulting Group,B3.ST,SEK,SE0008347660,Technology,1010,
384,Empir Group B,EMPIR-B.ST,SEK,SE0010769182,Technology,1010,
385,Formpipe Software,FPIP.ST,SEK,SE0001338039,Technology,1010,
386,Micro Systemation B,MSAB-B.ST,SEK,SE0000526626,Technology,1010,
387,NOVOTEK B,NTEK-B.ST,SEK,SE0000567752,Technology,1010,
388,Precise Biometrics,PREC.ST,SEK,SE0018013849,Technology,1010,
389,Prevas B,PREV-B.ST,SEK,SE0000356008,Technology,1010,
390,Readly International,READ.ST,SEK,SE0014855292,Technology,1010,
391,Sensys Gatso Group,SGG.ST,SEK,SE0020356244,Technology,1010,
392,Sleep Cycle,SLEEP.ST,SEK,SE0015961404,Technology,1010,
393,Softronic B,SOF-B.ST,SEK,SE0000323305,Technology,1010,
394,TradeDoubler,TRAD.ST,SEK,SE0001552357,Technology,1010,
395,Ericsson A,ERIC-A.ST,SEK,SE0000108649,Telecommunications,1510,
396,Ericsson B,ERIC-B.ST,SEK,SE0000108656,Telecommunications,1510,
397,HMS Networks,HMS.ST,SEK,SE0009997018,Telecommunications,1510,
398,Hexatronic Group,HTRO.ST,SEK,SE0018040677,Telecommunications,1510,
399,Tele2 A,TEL2-A.ST,SEK,SE0005190220,Telecommunications,1510,
400,Tele2 B,TEL2-B.ST,SEK,SE0005190238,Telecommunications,1510,
401,Telia Company,TELIA.ST,SEK,SE0000667925,Telecommunications,1510,
402,Millicom Int. Cellular SDB,TIGO-SDB.ST,SEK,SE0001174970,Telecommunications,1510,
403,Viaplay Group A,VPLAY-A.ST,SEK,SE0012324226,Telecommunications,1510,
404,Viaplay Group B,VPLAY-B.ST,SEK,SE0012116390,Telecommunications,1510,
405,Net Insight B,NETI-B.ST,SEK,SE0000366098,Telecommunications,1510,
406,Ovzon,OVZON.ST,SEK,SE0010948711,Telecommunications,1510,
407,DORO,DORO.ST,SEK,SE0000215493,Telecommunications,1510,
408,Arise,ARISE.ST,SEK,SE0002095604,Utilities,6510,
